<?xml version="1.0" encoding="UTF-8"?>
<OpenSearchDescription xmlns="http://a9.com/-/spec/opensearch/1.1/">
  <ShortName>Python</ShortName>
  <Description>Buscar en documentación de Python - 3.11.2</Description>
  <InputEncoding>utf-8</InputEncoding>
  <Url type="text/html" method="get"
       template="https://docs.python.org/3.11/search.html?q={searchTerms}"/>
  <LongName>documentación de Python - 3.11.2</LongName>
<Image height="16" width="16" type="image/x-icon">https://www.python.org/images/favicon16x16.ico</Image>
</OpenSearchDescription>